Workbook

Sheet Executive_Summary
B2: EXECUTIVE SUMMARY
B3: Medical Equipment Utilization Analysis - 2023
B5: KEY METRICS
B7: Total Records | D7: Total Procedures | F7: Avg Utilization | H7: Equipment Types
B8: 3,000 | D8: =SUM(Sheet1!H:H) -> 50643 | F8: =AVERAGE(Sheet1!G:G) -> 0.56893333 | H8: 5
B11: TOP FINDINGS
B13: 1. Equipment Utilization Varies Significantly
B14: • Ultrasound leads at 80.3% utilization
B15: • MRI scanners underutilized at only 19.2%
B16: • Gap represents potential capacity optimization opportunity
B18: 2. Radiology Department Dominates Operations
B19: • 78.1% of all records from Radiology
B20: • 38,848 total procedures (76.7% of total)
B21: • Women's Health represents growth opportunity
B23: 3. Consistent Operations Throughout Week
B24: • Weekend operations at 28.2% of total
B25: • Minimal difference in utilization (weekday 57% vs weekend 56.7%)
... B43: • Model can inform other equipment optimization

Sheet Monthly_Trends
B2: MONTHLY TRENDS ANALYSIS
B4: Average Metrics by Month
B6: Month | C6: Avg Utilization | D6: Avg Procedures | E6: Avg Operating Hours | F6: Record Count
B7: January | C7: =AVERAGEIF(Sheet1!$M:$M,"January",Sheet1!$G:$G) -> 0.59888889 | D7: =AVERAGEIF(Sheet1!$M:$M,"January",Sheet1!$H:$H) -> 17.468254 | E7: =AVERAGEIF(Sheet1!$M:$M,"January",Sheet1!$F:$F) -> 7.4027778 | F7: =COUNTIF(Sheet1!$M:$M,"January") -> 252
B8: February | C8: =AVERAGEIF(Sheet1!$M:$M,"February",Sheet1!$G:$G) -> 0.59068085 | D8: =AVERAGEIF(Sheet1!$M:$M,"February",Sheet1!$H:$H) -> 17.476596 | E8: =AVERAGEIF(Sheet1!$M:$M,"February",Sheet1!$F:$F) -> 7.5038298 | F8: =COUNTIF(Sheet1!$M:$M,"February") -> 235
B9: March | C9: =AVERAGEIF(Sheet1!$M:$M,"March",Sheet1!$G:$G) -> 0.5433829 | D9: =AVERAGEIF(Sheet1!$M:$M,"March",Sheet1!$H:$H) -> 16.832714 | E9: =AVERAGEIF(Sheet1!$M:$M,"March",Sheet1!$F:$F) -> 6.9765799 | F9: =COUNTIF(Sheet1!$M:$M,"March") -> 269
B10: April | C10: =AVERAGEIF(Sheet1!$M:$M,"April",Sheet1!$G:$G) -> 0.58496124 | D10: =AVERAGEIF(Sheet1!$M:$M,"April",Sheet1!$H:$H) -> 16.410853 | E10: =AVERAGEIF(Sheet1!$M:$M,"April",Sheet1!$F:$F) -> 7.3879845 | F10: =COUNTIF(Sheet1!$M:$M,"April") -> 258
B11: May | C11: =AVERAGEIF(Sheet1!$M:$M,"May",Sheet1!$G:$G) -> 0.54337255 | D11: =AVERAGEIF(Sheet1!$M:$M,"May",Sheet1!$H:$H) -> 16.47451 | E11: =AVERAGEIF(Sheet1!$M:$M,"May",Sheet1!$F:$F) -> 6.5184314 | F11: =COUNTIF(Sheet1!$M:$M,"May") -> 255
B12: June | C12: =AVERAGEIF(Sheet1!$M:$M,"June",Sheet1!$G:$G) -> 0.53660079 | D12: =AVERAGEIF(Sheet1!$M:$M,"June",Sheet1!$H:$H) -> 16.577075 | E12: =AVERAGEIF(Sheet1!$M:$M,"June",Sheet1!$F:$F) -> 6.598419 | F12: =COUNTIF(Sheet1!$M:$M,"June") -> 253
B13: July | C13: =AVERAGEIF(Sheet1!$M:$M,"July",Sheet1!$G:$G) -> 0.56161943 | D13: =AVERAGEIF(Sheet1!$M:$M,"July",Sheet1!$H:$H) -> 16.327935 | E13: =AVERAGEIF(Sheet1!$M:$M,"July",Sheet1!$F:$F) -> 7.0497976 | F13: =COUNTIF(Sheet1!$M:$M,"July") -> 247
B14: August | C14: =AVERAGEIF(Sheet1!$M:$M,"August",Sheet1!$G:$G) -> 0.55785441 | D14: =AVERAGEIF(Sheet1!$M:$M,"August",Sheet1!$H:$H) -> 16.417625 | E14: =AVERAGEIF(Sheet1!$M:$M,"August",Sheet1!$F:$F) -> 6.8490421 | F14: =COUNTIF(Sheet1!$M:$M,"August") -> 261
B15: September | C15: =AVERAGEIF(Sheet1!$M:$M,"September",Sheet1!$G:$G) -> 0.59307054 | D15: =AVERAGEIF(Sheet1!$M:$M,"September",Sheet1!$H:$H) -> 18.128631 | E15: =AVERAGEIF(Sheet1!$M:$M,"September",Sheet1!$F:$F) -> 7.6414938 | F15: =COUNTIF(Sheet1!$M:$M,"September") -> 241
B16: October | C16: =AVERAGEIF(Sheet1!$M:$M,"October",Sheet1!$G:$G) -> 0.58628821 | D16: =AVERAGEIF(Sheet1!$M:$M,"October",Sheet1!$H:$H) -> 16.746725 | E16: =AVERAGEIF(Sheet1!$M:$M,"October",Sheet1!$F:$F) -> 7.5253275 | F16: =COUNTIF(Sheet1!$M:$M,"October") -> 229
B17: November | C17: =AVERAGEIF(Sheet1!$M:$M,"November",Sheet1!$G:$G) -> 0.56253112 | D17: =AVERAGEIF(Sheet1!$M:$M,"November",Sheet1!$H:$H) -> 16.73444 | E17: =AVERAGEIF(Sheet1!$M:$M,"November",Sheet1!$F:$F) -> 6.9576763 | F17: =COUNTIF(Sheet1!$M:$M,"November") -> 241
B18: December | C18: =AVERAGEIF(Sheet1!$M:$M,"December",Sheet1!$G:$G) -> 0.57366795 | D18: =AVERAGEIF(Sheet1!$M:$M,"December",Sheet1!$H:$H) -> 17.073359 | E18: =AVERAGEIF(Sheet1!$M:$M,"December",Sheet1!$F:$F) -> 7.0571429 | F18: =COUNTIF(Sheet1!$M:$M,"December") -> 259

Sheet Sheet1
A1: Date | B1: Equipment_ID | C1: Equipment_Type | D1: Department | E1: Available_Hours | F1: Actual_Operating_Hours | G1: Utilization_Rate | H1: Number_of_Procedures | I1: Cost_per_procedure | J1: Daily_Operating_Cost | K1: Procedure_Revenue | L1: Day_of_Week | M1: Month | N1: Is_Weekend | O1: Net-Profit (daily)
A2: 12/22/2023 | B2: MRI_0001 | C2: MRI Scanner | D2: Radiology | E2: 12 | F2: 0.5 | G2: 0.04 | H2: 1 | I2: 30000 | J2: 5000 | K2: KES 30,000 | L2: Friday | M2: December | N2: FALSE | O2: KES 25,000
A3: 1/24/2023 | B3: XRAY_0002 | C3: X-Ray Machine | D3: Radiology | E3: 19 | F3: 13.5 | G3: 0.71 | H3: 20 | I3: 2000 | J3: 1500 | K3: KES 40,000 | L3: Tuesday | M3: January | N3: FALSE | O3: KES 38,500
A4: 12/19/2023 | B4: CT_0003 | C4: CT Scanner | D4: Radiology | E4: 8 | F4: 6.7 | G4: 0.84 | H4: 7 | I4: 10000 | J4: 3000 | K4: KES 70,000 | L4: Tuesday | M4: December | N4: FALSE | O4: KES 67,000
A5: 12/12/2023 | B5: CT_0004 | C5: CT Scanner | D5: Radiology | E5: 18 | F5: 9.2 | G5: 0.51 | H5: 20 | I5: 10000 | J5: 3000 | K5: KES 200,000 | L5: Tuesday | M5: December | N5: FALSE | O5: KES 197,000
A6: 12/31/2023 | B6: XRAY_0005 | C6: X-Ray Machine | D6: Radiology | E6: 11 | F6: 8.3 | G6: 0.75 | H6: 22 | I6: 2000 | J6: 1500 | K6: KES 44,000 | L6: Sunday | M6: December | N6: TRUE | O6: KES 42,500
A7: 1/19/2023 | B7: MRI_0006 | C7: MRI Scanner | D7: Radiology | E7: 8 | F7: 3 | G7: 0.38 | H7: 4 | I7: 30000 | J7: 5000 | K7: KES 120,000 | L7: Thursday | M7: January | N7: FALSE | O7: KES 115,000
A8: 8/16/2023 | B8: MRI_0007 | C8: MRI Scanner | D8: Radiology | E8: 16 | F8: 2.7 | G8: 0.17 | H8: 1 | I8: 30000 | J8: 5000 | K8: KES 30,000 | L8: Wednesday | M8: August | N8: FALSE | O8: KES 25,000
A9: 2/20/2023 | B9: CT_0008 | C9: CT Scanner | D9: Radiology | E9: 10 | F9: 7 | G9: 0.7 | H9: 10 | I9: 10000 | J9: 3000 | K9: KES 100,000 | L9: Monday | M9: February | N9: FALSE | O9: KES 97,000
A10: 10/20/2023 | B10: MRI_0009 | C10: MRI Scanner | D10: Radiology | E10: 14 | F10: 2.1 | G10: 0.15 | H10: 3 | I10: 30000 | J10: 5000 | K10: KES 90,000 | L10: Friday | M10: October | N10: FALSE | O10: KES 85,000
A11: 4/26/2023 | B11: MRI_0010 | C11: MRI Scanner | D11: Radiology | E11: 15 | F11: 3.8 | G11: 0.25 | H11: 5 | I11: 30000 | J11: 5000 | K11: KES 150,000 | L11: Wednesday | M11: April | N11: FALSE | O11: KES 145,000
A12: 5/6/2023 | B12: CT_0011 | C12: CT Scanner | D12: Radiology | E12: 14 | F12: 5 | G12: 0.36 | H12: 14 | I12: 10000 | J12: 3000 | K12: KES 140,000 | L12: Saturday | M12: May | N12: TRUE | O12: KES 137,000
A13: 6/2/2023 | B13: MRI_0012 | C13: MRI Scanner | D13: Radiology | E13: 15 | F13: 2.3 | G13: 0.15 | H13: 3 | I13: 30000 | J13: 5000 | K13: KES 90,000 | L13: Friday | M13: June | N13: FALSE | O13: KES 85,000
... A3001: 7/27/2023 | B3001: MAMMO_3000 | C3001: Mammography Unit | D3001: Women's Health | E3001: 18 | F3001: 9.2 | G3001: 0.51 | H3001: 25 | I3001: 5000 | J3001: 1000 | K3001: KES 125,000 | L3001: Thursday | M3001: July | N3001: FALSE | O3001: KES 124,000
